App,Gender,ID1,ID2,ID3,ID4,ID5,ID6,ID7,ID8
FX,m,chasazyrovas_gytis,carrion_caro_daniel,dolci_felix,casali_lorenzo_minh,tulloch_courtney,degouy_paul,langenegger_florian,bartolini_nicola
HB,m,sun_wei,malone_brody,karimi_milad,zhang_boheng,bull_tyson,hashimoto_daiki,mariano_arthur,martinez_victor
PB,m,zou_jingyuan,zhang_boheng,zakutney_sam,dauser_lukas,kovtun_illia,kovtun_illia,arican_ferhat,tanigawa_wataru
PH,m,clenaghan_mc_rhys,lee_chih,kovtun_illia,meszaros_krisztofer,fraser_joe,merdinyan_harutyun,tanigawa_kakeru,chasazyrovas_gytis
SR,m,zou_jingyuan,zahran_ali,tulloch_courtney,tulloch_courtney,you_hao,petrounias_eleftherios,davtyan_vahagn,zhang_boheng
VT,m,langenegger_florian,bernard_cameron_lie,sener_kerem,souza_caio,jarman_jake,ioscovich_eliran,kim_jaeho,souza_caio
BB,w,ou_yushan,kinsella_alice,tang_xijing,derwael_nina,kovacs_zsofia,saraiva_flavia,melnikova_angelina,black_elsabeth
FX,w,carey_jade,andrade_rebeca,melnikova_angelina,gadirova_jennifer,moreno_alexa,esposito_manila,black_elsabeth,d_amato_alice
UB,w,seitz_elisabeth,derwael_nina,esposito_manila,urazova_vladislava,jesus_santos_melanie,jones_shilese,andrade_rebeca,tang_xijing
VT,w,soares_julia,kovacs_zsofia,andrade_rebeca,carey_jade,verkest_jutta,teymurova_nazanin,chiles_jordan,steingruber_giulia
